Designator,Mid X,Mid Y,Rotation,Layer
_11,229.509218,-214.951644,0.0,top
_10,146.5,-125.0,0.0,top
_9,229.509218,-34.951644,0.0,top
_8,122.5,-200.0,0.0,top
_7,122.5,-125.0,0.0,top
_6,221.5,-125.0,0.0,top
_5,47.5,-125.0,0.0,top
_4,39.509218,-214.951644,0.0,top
_3,146.5,-200.0,0.0,top
_2,47.5,-200.0,0.0,top
,221.5,-200.0,0.0,top
C1,114.249218,-51.101644,270.0,top
C10,80.75,-66.95,270.0,top
C100,63.55,-55.4,180.0,top
C101,176.77,-91.07,180.0,top
C102,101.209218,-50.291644,180.0,top
C103,105.456218,-36.142642,0.0,top
C104,77.05,-54.55,270.0,top
C105,176.77,-97.79,180.0,top
C106,74.3,-48.75,0.0,top
C107,180.4,-91.07,180.0,top
C108,180.4,-97.79,180.0,top
C109,67.75,-68.2,180.0,top
C11,80.75,-78.95,270.0,top
C110,67.75,-80.2,180.0,top
C111,62.55,-77.6,270.0,top
C112,67.2,-61.4,90.0,top
C113,65.2,-61.4,90.0,top
C114,118.919218,-48.296644,90.0,bottom
C115,121.559218,-51.301644,0.0,bottom
C116,121.634218,-45.831644,180.0,bottom
C117,67.2,-73.4,90.0,top
C118,65.2,-73.4,90.0,top
C119,87.65,-78.95,90.0,top
C12,82.75,-66.95,270.0,top
C120,87.65,-90.95,90.0,top
C121,169.67,-179.46,270.0,bottom
C122,173.94,-179.45,270.0,bottom
C123,166.99,-178.4,0.0,bottom
C124,166.99,-176.4,0.0,bottom
C125,166.99,-174.4,0.0,bottom
C126,170.96,-164.92,270.0,bottom
C127,180.99,-168.4,180.0,bottom
C128,98.01,-164.93,270.0,bottom
C129,101.99,-174.4,0.0,bottom
C13,82.75,-78.95,270.0,top
C130,88.07,-168.37,0.0,bottom
C131,101.99,-176.4,0.0,bottom
C132,101.99,-178.4,0.0,bottom
C133,97.19,-179.45,270.0,bottom
C134,99.33,-179.46,90.0,bottom
C135,94.94,-174.07,90.0,bottom
C136,92.74,-179.45,270.0,bottom
C137,90.67,-179.46,270.0,bottom
C138,94.94,-179.45,270.0,bottom
C139,87.99,-178.4,0.0,bottom
C14,67.75,-66.2,180.0,top
C140,87.99,-176.4,0.0,bottom
C141,87.99,-174.4,0.0,bottom
C142,91.96,-164.92,270.0,bottom
C143,101.99,-168.4,180.0,bottom
C144,71.96,-164.92,270.0,bottom
C145,81.99,-174.4,0.0,bottom
C146,81.99,-168.4,180.0,bottom
C147,81.99,-176.4,0.0,bottom
C148,81.99,-178.4,0.0,bottom
C149,77.19,-179.45,270.0,bottom
C15,177.01,-159.93,90.0,bottom
C150,79.33,-179.46,90.0,bottom
C151,74.94,-174.07,90.0,bottom
C152,72.74,-179.45,270.0,bottom
C153,70.67,-179.46,270.0,bottom
C154,74.94,-179.45,270.0,bottom
C155,67.99,-178.4,0.0,bottom
C156,67.99,-176.4,0.0,bottom
C157,67.99,-174.4,0.0,bottom
C158,78.01,-164.93,270.0,bottom
C159,68.07,-168.37,0.0,bottom
C16,67.75,-78.2,180.0,top
C160,78.01,-159.93,90.0,bottom
C161,67.9,-150.54,180.0,bottom
C162,82.0,-156.54,180.0,bottom
C163,67.9,-148.54,180.0,bottom
C164,67.9,-146.54,180.0,bottom
C165,72.8,-145.51,90.0,bottom
C166,70.67,-145.52,270.0,bottom
C167,75.05,-150.89,270.0,bottom
C168,77.25,-145.51,90.0,bottom
C169,79.33,-145.52,90.0,bottom
C17,166.9,-150.54,180.0,bottom
C170,75.05,-145.51,90.0,bottom
C171,82.1,-146.53,180.0,bottom
C172,82.1,-148.53,180.0,bottom
C173,82.1,-150.53,180.0,bottom
C174,71.96,-159.92,90.0,bottom
C175,68.0,-156.54,0.0,bottom
C176,80.75,-90.95,270.0,top
C177,82.75,-90.95,270.0,top
C178,67.75,-90.2,180.0,top
C179,84.8,-84.65,0.0,top
C18,84.8,-60.65,0.0,top
C180,67.75,-92.2,180.0,top
C181,67.2,-85.4,90.0,top
C182,65.2,-85.4,90.0,top
C183,87.65,-66.95,90.0,top
C184,104.75,-84.0,90.0,top
C185,104.75,-90.0,270.0,top
C186,112.75,-66.0,270.0,top
C187,112.75,-78.0,270.0,top
C188,112.75,-60.0,90.0,top
C189,116.75,-60.0,90.0,top
C19,84.8,-72.65,0.0,top
C190,47.1,-67.55,0.0,top
C191,62.55,-89.6,270.0,top
C192,62.55,-101.6,270.0,top
C193,59.3,-60.8,90.0,top
C194,112.75,-96.0,90.0,top
C195,91.96,-159.92,90.0,bottom
C196,87.9,-150.54,180.0,bottom
C197,88.0,-156.54,0.0,bottom
C198,80.75,-102.95,270.0,top
C199,82.75,-102.95,270.0,top
C2,110.309218,-50.721644,270.0,top
C20,62.55,-60.8,90.0,top
C200,67.75,-102.2,180.0,top
C201,84.8,-96.65,0.0,top
C202,67.75,-104.2,180.0,top
C203,87.9,-148.54,180.0,bottom
C204,87.9,-146.54,180.0,bottom
C205,92.8,-145.51,90.0,bottom
C206,104.75,-96.0,90.0,top
C207,104.75,-102.0,270.0,top
C208,112.75,-90.0,270.0,top
C209,120.75,-60.0,90.0,top
C21,104.75,-60.0,90.0,top
C210,112.75,-102.0,270.0,top
C211,90.67,-145.52,270.0,bottom
C212,95.05,-150.89,270.0,bottom
C213,97.25,-145.51,90.0,bottom
C214,112.75,-72.0,90.0,top
C215,67.2,-97.4,90.0,top
C216,65.2,-97.4,90.0,top
C217,87.65,-102.95,90.0,top
C218,47.1,-88.0,0.0,top
C219,99.33,-145.52,90.0,bottom
C22,104.75,-66.0,270.0,top
C220,95.05,-145.51,90.0,bottom
C221,102.1,-146.53,180.0,bottom
C222,59.3,-101.6,270.0,top
C223,56.1,-60.8,90.0,top
C224,56.05,-101.6,270.0,top
C225,102.1,-148.53,180.0,bottom
C226,102.1,-150.53,180.0,bottom
C227,98.01,-159.93,90.0,bottom
C228,102.0,-156.54,180.0,bottom
C229,85.0,-162.5,0.0,bottom
C23,62.55,-65.6,270.0,top
C24,104.75,-72.0,90.0,top
C25,162.93,-150.15,180.0,bottom
C26,181.0,-156.54,180.0,bottom
C27,166.9,-148.54,180.0,bottom
C28,166.9,-146.54,180.0,bottom
C29,171.8,-145.51,90.0,bottom
C3,116.009218,-51.021644,270.0,top
C30,169.67,-145.52,270.0,bottom
C31,174.05,-150.89,270.0,bottom
C32,176.25,-145.51,90.0,bottom
C33,178.33,-145.52,90.0,bottom
C34,174.05,-145.51,90.0,bottom
C35,181.1,-146.53,180.0,bottom
C36,181.1,-148.54,180.0,bottom
C37,181.1,-150.54,180.0,bottom
C38,170.96,-159.92,90.0,bottom
C39,104.75,-78.0,270.0,top
C4,120.909218,-51.361644,0.0,top
C40,166.99,-157.35,0.0,bottom
C41,197.01,-159.93,90.0,bottom
C42,186.9,-150.54,180.0,bottom
C43,187.0,-156.54,0.0,bottom
C44,186.9,-148.54,180.0,bottom
C45,62.55,-72.8,90.0,top
C46,186.9,-146.54,180.0,bottom
C47,191.8,-145.51,90.0,bottom
C48,108.75,-60.0,90.0,top
C49,189.67,-145.52,270.0,bottom
C5,120.909218,-47.401644,0.0,top
C50,194.05,-150.89,270.0,bottom
C51,196.25,-145.51,90.0,bottom
C52,198.33,-145.52,90.0,bottom
C53,194.05,-145.51,90.0,bottom
C54,201.1,-146.53,180.0,bottom
C55,201.1,-148.54,180.0,bottom
C56,201.1,-150.54,180.0,bottom
C57,190.96,-159.92,90.0,bottom
C58,201.0,-156.54,180.0,bottom
C59,197.01,-164.93,270.0,bottom
C6,120.909218,-45.391644,0.0,top
C60,200.99,-174.4,0.0,bottom
C61,187.07,-168.37,0.0,bottom
C62,200.99,-176.4,0.0,bottom
C63,200.99,-178.4,0.0,bottom
C64,196.19,-179.45,270.0,bottom
C65,198.33,-179.46,90.0,bottom
C66,193.94,-174.07,90.0,bottom
C67,191.74,-179.45,270.0,bottom
C68,189.67,-179.46,270.0,bottom
C69,193.94,-179.45,270.0,bottom
C7,120.909218,-43.401644,180.0,top
C70,186.99,-178.4,0.0,bottom
C71,186.99,-176.4,0.0,bottom
C72,186.99,-174.4,0.0,bottom
C73,190.96,-164.92,270.0,bottom
C74,200.99,-168.4,180.0,bottom
C75,177.01,-164.93,270.0,bottom
C76,180.99,-174.4,0.0,bottom
C77,167.07,-168.37,0.0,bottom
C78,180.99,-176.4,0.0,bottom
C79,180.99,-178.4,0.0,bottom
C8,120.909218,-41.401644,180.0,top
C80,176.19,-179.45,270.0,bottom
C81,62.55,-84.8,90.0,top
C82,172.69,-96.53,90.0,top
C83,172.69,-92.56,270.0,top
C84,108.75,-66.0,270.0,top
C85,178.33,-179.46,90.0,bottom
C86,108.75,-72.0,90.0,top
C87,76.75,-107.6,90.0,bottom
C88,184.0,-162.5,180.0,bottom
C89,62.55,-96.8,90.0,top
C9,112.209218,-38.621644,90.0,top
C90,108.75,-78.0,270.0,top
C91,108.75,-84.0,90.0,top
C92,47.15,-77.65,0.0,top
C93,173.94,-174.07,90.0,bottom
C94,171.74,-179.45,270.0,bottom
C95,108.75,-90.0,270.0,top
C96,101.239218,-43.451644,0.0,top
C97,108.75,-96.0,90.0,top
C98,108.75,-102.0,270.0,top
C99,112.75,-84.0,90.0,top
D1,55.35,-54.35,0.0,top
D2,79.95,-53.3,90.0,top
D3,192.1675,-42.58,180.0,top
F1,43.55,-50.15,270.0,top
L1,96.6,-63.2,0.0,top
L2,96.6,-75.2,0.0,top
L3,72.9,-53.5,90.0,top
L4,96.6,-87.2,0.0,top
L5,96.6,-99.2,0.0,top
M1,93.469218,-37.801644,270.0,top
M2,85.0,-37.8,270.0,top
R1,108.429218,-43.121644,270.0,top
R10,180.26,-153.83,270.0,bottom
R11,187.0,-154.54,0.0,bottom
R12,120.209218,-38.611644,270.0,top
R13,122.169218,-38.611644,270.0,top
R14,200.26,-153.83,270.0,bottom
R15,200.99,-170.4,180.0,bottom
R16,187.7822,-171.3484,90.0,bottom
R17,180.99,-170.4,180.0,bottom
R18,167.7822,-171.3484,90.0,bottom
R19,101.99,-170.4,180.0,bottom
R2,106.359218,-43.141644,90.0,top
R20,88.7822,-171.3484,90.0,bottom
R21,81.99,-170.4,180.0,bottom
R22,68.7822,-171.3484,90.0,bottom
R23,68.0,-154.54,0.0,bottom
R24,81.26,-153.83,270.0,bottom
R25,85.7,-66.95,90.0,top
R26,85.7,-78.95,90.0,top
R27,82.0,-61.55,270.0,top
R28,82.0,-73.55,270.0,top
R29,153.625,-103.675,270.0,bottom
R3,112.269218,-51.131644,90.0,top
R30,155.85,-103.675,270.0,bottom
R31,183.37,-92.32,90.0,top
R32,67.25,-50.95,180.0,top
R33,100.816218,-35.442642,270.0,top
R34,63.5,-50.95,180.0,top
R35,102.756218,-35.442642,270.0,top
R36,118.109218,-38.621644,270.0,top
R37,116.159218,-38.621644,270.0,top
R38,114.219218,-38.621644,90.0,top
R39,121.589218,-49.591644,0.0,bottom
R4,108.656718,-47.931644,0.0,top
R40,121.589218,-47.551644,0.0,bottom
R41,88.0,-154.54,0.0,bottom
R42,101.26,-153.83,270.0,bottom
R47,85.7,-90.95,90.0,top
R48,82.0,-85.55,270.0,top
R5,108.329218,-50.711644,90.0,top
R52,85.7,-102.95,90.0,top
R53,82.0,-97.55,270.0,top
R6,117.749218,-50.821644,90.0,top
R7,120.911718,-49.381644,180.0,top
R8,163.96,-156.14,90.0,bottom
R9,167.01,-155.36,0.0,bottom
U1,74.65,-100.45,0.0,top
U10,194.0,-172.5,180.0,top
U11,174.0,-172.5,180.0,top
U12,95.0,-172.5,180.0,top
U13,75.0,-172.5,180.0,top
U14,75.0,-152.5,0.0,top
U15,95.0,-152.5,0.0,top
U16,74.65,-88.45,0.0,top
U17,85.0,-162.5,0.0,top
U2,174.0,-152.5,0.0,top
U3,114.169218,-45.191644,90.0,top
U32,103.526218,-39.022642,90.0,top
U33,101.199218,-46.874144,270.0,top
U35,168.5,-94.5,180.0,top
U36,180.3125,-94.5,90.0,top
U37,184.0,-162.5,180.0,top
U38,74.65,-106.15,270.0,bottom
U4,74.65,-64.45,0.0,top
U5,74.65,-76.45,0.0,top
U6,67.3125,-54.25,90.0,top
U7,176.6825,-94.5,90.0,top
U8,162.73,-152.78,270.0,bottom
U9,194.0,-152.5,0.0,top
