Designator;Mid X;Mid Y;Rotation;Layer
C15;177.010000;-159.930000;90.000000;bottom
C17;166.900000;-150.540000;0.000000;bottom
C25;162.930000;-150.150000;0.000000;bottom
C26;181.000000;-156.540000;0.000000;bottom
C27;166.900000;-148.540000;0.000000;bottom
C28;166.900000;-146.540000;0.000000;bottom
C29;171.900000;-150.825000;270.000000;bottom
C30;168.850000;-144.500000;0.000000;bottom
C31;174.000000;-151.175000;270.000000;bottom
C32;194.000000;-151.125000;270.000000;bottom
C33;179.150000;-144.600000;0.000000;bottom
C34;176.100000;-150.825000;270.000000;bottom
C35;181.100000;-146.530000;0.000000;bottom
C36;181.100000;-148.540000;0.000000;bottom
C37;181.100000;-150.540000;0.000000;bottom
C38;170.960000;-159.920000;90.000000;bottom
C39;52.225000;-102.750000;180.000000;bottom
C40;166.990000;-157.350000;180.000000;bottom
C41;197.010000;-159.930000;90.000000;bottom
C42;186.900000;-150.540000;0.000000;bottom
C43;187.000000;-156.540000;180.000000;bottom
C44;186.900000;-148.540000;0.000000;bottom
C46;186.900000;-146.540000;0.000000;bottom
C47;196.100000;-150.825000;270.000000;bottom
C49;188.850000;-144.600000;0.000000;bottom
C50;193.900000;-173.775000;90.000000;bottom
C51;173.900000;-173.775000;90.000000;bottom
C52;199.150000;-144.600000;0.000000;bottom
C53;191.800000;-150.825000;270.000000;bottom
C54;201.100000;-146.530000;0.000000;bottom
C55;201.100000;-148.540000;0.000000;bottom
C56;201.100000;-150.540000;0.000000;bottom
C57;190.960000;-159.920000;90.000000;bottom
C58;201.000000;-156.540000;0.000000;bottom
C59;197.010000;-164.930000;270.000000;bottom
C60;200.990000;-174.400000;180.000000;bottom
C61;187.070000;-168.370000;180.000000;bottom
C62;200.990000;-176.400000;180.000000;bottom
C63;200.990000;-178.400000;180.000000;bottom
C64;191.900000;-174.125000;90.000000;bottom
C65;199.150000;-180.400000;180.000000;bottom
C66;95.000000;-173.975000;90.000000;bottom
C67;75.100000;-173.625000;90.000000;bottom
C68;188.850000;-180.400000;180.000000;bottom
C69;196.000000;-174.175000;90.000000;bottom
C70;186.990000;-178.400000;180.000000;bottom
C71;186.990000;-176.400000;180.000000;bottom
C72;186.990000;-174.400000;180.000000;bottom
C73;190.960000;-164.920000;270.000000;bottom
C74;200.990000;-168.400000;0.000000;bottom
C75;177.010000;-164.930000;270.000000;bottom
C76;180.990000;-174.400000;180.000000;bottom
C77;167.070000;-168.370000;180.000000;bottom
C78;180.990000;-176.400000;180.000000;bottom
C79;181.060000;-178.400000;180.000000;bottom
C80;176.100000;-174.075000;90.000000;bottom
C84;58.775000;-102.750000;0.000000;bottom
C85;179.150000;-180.400000;180.000000;bottom
C87;122.100000;-84.950000;90.000000;bottom
C88;184.000000;-162.500000;0.000000;bottom
C93;74.900000;-151.275000;270.000000;bottom
C94;94.800000;-151.025000;270.000000;bottom
C98;77.775000;-107.250000;180.000000;bottom
C114;118.919218;-48.296644;90.000000;bottom
C115;121.559218;-51.301644;180.000000;bottom
C116;121.634218;-45.831644;0.000000;bottom
C121;168.850000;-180.400000;180.000000;bottom
C122;171.600000;-174.075000;90.000000;bottom
C123;166.990000;-178.400000;180.000000;bottom
C124;166.990000;-176.400000;180.000000;bottom
C125;166.990000;-174.400000;180.000000;bottom
C126;170.960000;-164.920000;270.000000;bottom
C127;180.990000;-168.400000;0.000000;bottom
C128;98.010000;-164.930000;270.000000;bottom
C129;101.990000;-174.400000;180.000000;bottom
C130;88.070000;-168.370000;180.000000;bottom
C131;101.990000;-176.400000;180.000000;bottom
C132;102.050000;-178.400000;180.000000;bottom
C133;97.100000;-174.075000;90.000000;bottom
C134;100.150000;-180.400000;180.000000;bottom
C135;92.700000;-174.075000;90.000000;bottom
C136;72.800000;-174.175000;90.000000;bottom
C137;89.850000;-180.400000;180.000000;bottom
C138;77.000000;-174.175000;90.000000;bottom
C139;87.990000;-178.400000;180.000000;bottom
C140;87.990000;-176.400000;180.000000;bottom
C141;87.990000;-174.400000;180.000000;bottom
C142;91.960000;-164.920000;270.000000;bottom
C143;101.990000;-168.400000;0.000000;bottom
C144;71.960000;-164.920000;270.000000;bottom
C145;81.990000;-174.400000;180.000000;bottom
C146;81.990000;-168.400000;0.000000;bottom
C147;81.990000;-176.400000;180.000000;bottom
C148;81.990000;-178.400000;180.000000;bottom
C149;72.800000;-150.875000;270.000000;bottom
C150;80.050000;-180.400000;180.000000;bottom
C151;77.000000;-150.875000;270.000000;bottom
C152;97.100000;-150.875000;270.000000;bottom
C153;69.850000;-180.400000;180.000000;bottom
C154;92.700000;-150.825000;270.000000;bottom
C155;67.990000;-178.400000;180.000000;bottom
C156;67.990000;-176.400000;180.000000;bottom
C157;67.990000;-174.400000;180.000000;bottom
C158;78.010000;-164.930000;270.000000;bottom
C159;68.070000;-168.370000;180.000000;bottom
C160;78.010000;-159.930000;90.000000;bottom
C161;67.900000;-150.540000;0.000000;bottom
C162;82.000000;-156.540000;0.000000;bottom
C163;67.900000;-148.540000;0.000000;bottom
C164;67.900000;-146.540000;0.000000;bottom
C165;82.700000;-35.575000;90.000000;bottom
C166;69.850000;-144.500000;0.000000;bottom
C169;80.150000;-144.500000;0.000000;bottom
C171;82.100000;-146.530000;0.000000;bottom
C172;82.100000;-148.530000;0.000000;bottom
C173;82.100000;-150.530000;0.000000;bottom
C174;71.960000;-159.920000;90.000000;bottom
C175;68.000000;-156.540000;180.000000;bottom
C186;84.525000;-107.250000;0.000000;bottom
C187;52.225000;-105.000000;180.000000;bottom
C188;58.775000;-105.000000;0.000000;bottom
C189;52.275000;-107.250000;180.000000;bottom
C193;52.275000;-109.600005;180.000000;bottom
C194;58.775000;-109.500000;0.000000;bottom
C195;91.960000;-159.920000;90.000000;bottom
C196;87.900000;-150.540000;0.000000;bottom
C197;88.000000;-156.540000;180.000000;bottom
C203;87.900000;-148.540000;0.000000;bottom
C204;87.900000;-146.540000;0.000000;bottom
C206;58.775000;-107.250000;0.000000;bottom
C211;89.850000;-144.500000;0.000000;bottom
C219;100.250000;-144.500000;0.000000;bottom
C221;102.100000;-146.530000;0.000000;bottom
C225;102.100000;-148.530000;0.000000;bottom
C226;102.100000;-150.530000;0.000000;bottom
C227;98.010000;-159.930000;90.000000;bottom
C228;102.000000;-156.540000;0.000000;bottom
C229;85.000000;-162.500000;180.000000;bottom
C242;110.275000;-103.000000;0.000000;bottom
C243;103.475000;-103.000000;180.000000;bottom
C244;103.475000;-105.250000;180.000000;bottom
C245;103.525000;-107.500000;180.000000;bottom
C246;103.475000;-109.750000;180.000000;bottom
C247;110.325000;-109.750000;0.000000;bottom
C248;110.275000;-107.500000;0.000000;bottom
C249;110.275000;-105.250000;0.000000;bottom
C250;84.475000;-105.000000;0.000000;bottom
C251;84.475000;-102.750000;0.000000;bottom
C252;84.475000;-109.500000;0.000000;bottom
C253;77.725000;-109.500000;180.000000;bottom
C260;129.275000;-103.250000;180.000000;bottom
C261;129.275000;-105.500000;180.000000;bottom
C262;129.275000;-107.750000;180.000000;bottom
C263;129.275000;-110.000000;180.000000;bottom
C264;135.975000;-110.000000;0.000000;bottom
C265;135.975000;-107.750000;0.000000;bottom
C266;136.025000;-105.500000;0.000000;bottom
C267;136.025000;-103.250000;0.000000;bottom
C274;155.025000;-103.250000;180.000000;bottom
C275;155.025000;-105.500000;180.000000;bottom
C276;155.025000;-107.750000;180.000000;bottom
C277;154.975000;-110.000000;180.000000;bottom
C278;161.775000;-110.050000;0.000000;bottom
C279;161.775000;-107.850000;0.000000;bottom
C280;161.775000;-105.500000;0.000000;bottom
C281;161.775000;-103.250000;0.000000;bottom
C288;188.025000;-110.250000;0.000000;bottom
C289;188.075000;-108.000000;0.000000;bottom
C290;188.025000;-105.750000;0.000000;bottom
C291;188.025000;-103.500000;0.000000;bottom
C292;181.275000;-103.500000;180.000000;bottom
C293;181.275000;-105.750000;180.000000;bottom
C294;181.275000;-108.000000;180.000000;bottom
C295;181.275000;-110.250000;180.000000;bottom
C480;77.725000;-102.750000;180.000000;bottom
C481;77.725000;-105.000000;180.000000;bottom
FB1;80.112500;-36.300000;180.000000;bottom
R8;163.960000;-156.140000;90.000000;bottom
R9;167.010000;-155.360000;180.000000;bottom
R10;180.260000;-153.830000;270.000000;bottom
R11;187.000000;-154.540000;180.000000;bottom
R14;200.260000;-153.830000;270.000000;bottom
R15;200.990000;-170.400000;0.000000;bottom
R16;187.782200;-171.348400;90.000000;bottom
R17;180.990000;-170.400000;0.000000;bottom
R18;167.782200;-171.348400;90.000000;bottom
R19;101.990000;-170.400000;0.000000;bottom
R20;88.782200;-171.348400;90.000000;bottom
R21;81.990000;-170.400000;0.000000;bottom
R22;68.782200;-171.348400;90.000000;bottom
R23;68.000000;-154.540000;180.000000;bottom
R24;81.260000;-153.830000;270.000000;bottom
R29;118.700000;-113.212500;270.000000;bottom
R30;120.700000;-113.212500;270.000000;bottom
R39;121.589218;-49.591644;180.000000;bottom
R40;121.589218;-47.551644;180.000000;bottom
R41;88.000000;-154.540000;180.000000;bottom
R42;101.260000;-153.830000;270.000000;bottom
R43;170.127500;-55.100000;270.000000;bottom
R44;172.657500;-55.110000;270.000000;bottom
U8;162.730000;-152.780000;270.000000;bottom
U38;120.020000;-85.130000;270.000000;bottom
C1;114.249218;-51.550000;270.000000;top
C2;110.309218;-50.721644;270.000000;top
C3;116.009218;-51.375000;270.000000;top
C4;120.909218;-51.361644;0.000000;top
C5;120.909218;-47.401644;0.000000;top
C6;120.909218;-45.391644;0.000000;top
C7;120.909218;-43.401644;180.000000;top
C8;120.909218;-41.401644;180.000000;top
C9;112.209218;-38.621644;90.000000;top
C10;49.450000;-89.600000;180.000000;top
C11;75.350000;-89.500000;180.000000;top
C12;49.532500;-93.470000;180.000000;top
C13;75.250000;-93.200000;180.000000;top
C14;52.250000;-79.800000;0.000000;top
C16;77.750000;-79.800000;0.000000;top
C18;60.500000;-86.950000;90.000000;top
C19;86.300000;-87.050000;90.000000;top
C20;59.475000;-77.000000;0.000000;top
C21;52.225000;-106.500000;180.000000;top
C22;52.175000;-108.750000;180.000000;top
C23;59.475000;-78.600000;0.000000;top
C24;52.175000;-111.000000;180.000000;top
C45;59.475000;-80.050000;0.000000;top
C48;58.775000;-106.500000;0.000000;top
C81;59.475000;-81.500000;0.000000;top
C82;208.890000;-94.140000;90.000000;top
C83;208.890000;-90.170000;270.000000;top
C86;58.775000;-108.800000;0.000000;top
C89;58.400000;-83.525000;270.000000;top
C90;58.725000;-111.050000;0.000000;top
C91;84.525000;-106.500000;0.000000;top
C92;93.750000;-72.750000;270.000000;top
C95;84.525000;-108.750000;0.000000;top
C96;101.239218;-43.451644;0.000000;top
C97;84.525000;-111.000000;0.000000;top
C99;77.725000;-106.500000;180.000000;top
C100;79.600000;-58.720000;180.000000;top
C101;212.970000;-88.680000;180.000000;top
C102;101.209218;-50.291644;180.000000;top
C103;105.456218;-36.142642;0.000000;top
C104;84.510000;-55.340000;270.000000;top
C105;212.970000;-95.400000;180.000000;top
C106;91.350000;-48.040000;0.000000;top
C107;216.600000;-88.680000;180.000000;top
C108;216.600000;-95.400000;180.000000;top
C109;48.850000;-81.500000;180.000000;top
C110;74.250000;-81.300000;180.000000;top
C111;52.775000;-78.010000;180.000000;top
C112;52.775000;-76.500000;180.000000;top
C113;59.475000;-75.500000;0.000000;top
C117;84.975000;-77.000000;0.000000;top
C118;84.975000;-78.500000;0.000000;top
C119;46.592500;-92.480000;270.000000;top
C120;72.492500;-92.380000;270.000000;top
C167;58.437500;-56.600000;180.000000;top
C168;58.437500;-60.300000;180.000000;top
C170;59.175000;-62.700000;180.000000;top
C176;101.150000;-89.500000;180.000000;top
C177;101.132500;-93.370000;180.000000;top
C178;103.350000;-79.900000;0.000000;top
C179;112.000000;-86.950000;90.000000;top
C180;100.050000;-81.500000;180.000000;top
C181;84.975000;-80.000000;0.000000;top
C182;84.975000;-81.500000;0.000000;top
C183;98.192500;-92.380000;270.000000;top
C184;77.775000;-108.750000;180.000000;top
C185;77.725000;-111.000000;180.000000;top
C190;119.150000;-72.750000;270.000000;top
C191;84.975000;-75.500000;0.000000;top
C192;76.775000;-78.000000;180.000000;top
C198;126.850000;-89.600000;180.000000;top
C199;126.832500;-93.470000;180.000000;top
C200;129.250000;-79.900000;0.000000;top
C201;137.800000;-86.850000;90.000000;top
C202;125.450000;-81.800000;180.000000;top
C207;76.775000;-76.500000;180.000000;top
C208;144.350000;-72.500000;270.000000;top
C209;83.750000;-83.475000;270.000000;top
C210;178.075000;-89.600000;180.000000;top
C214;178.075000;-93.400000;180.000000;top
C215;110.975000;-75.240000;0.000000;top
C216;110.975000;-76.750000;0.000000;top
C217;123.892500;-92.480000;270.000000;top
C218;67.800000;-72.750000;270.000000;top
C222;110.975000;-78.250000;0.000000;top
C223;103.525000;-106.500000;180.000000;top
C224;103.525000;-108.750000;180.000000;top
C230;180.750000;-79.900000;0.000000;top
C231;189.700000;-87.150000;90.000000;top
C232;177.550000;-81.800000;180.000000;top
C233;152.450000;-89.600000;180.000000;top
C234;152.450000;-93.500000;180.000000;top
C235;155.350000;-79.900000;0.000000;top
C236;163.300000;-87.050000;90.000000;top
C237;151.950000;-81.900000;180.000000;top
C238;103.525000;-111.000000;180.000000;top
C239;110.225000;-106.500000;0.000000;top
C240;110.225000;-108.750000;0.000000;top
C241;110.275000;-111.000000;0.000000;top
C254;129.275000;-106.500000;180.000000;top
C255;129.275000;-108.750000;180.000000;top
C256;129.275000;-111.000000;180.000000;top
C257;136.025000;-106.500000;0.000000;top
C258;136.025000;-108.750000;0.000000;top
C259;135.975000;-111.000000;0.000000;top
C268;154.975000;-111.000000;180.000000;top
C269;155.025000;-108.750000;180.000000;top
C270;155.025000;-106.500000;180.000000;top
C271;161.725000;-106.500000;0.000000;top
C272;161.725000;-108.750000;0.000000;top
C273;161.725000;-111.000000;0.000000;top
C282;181.225000;-111.000000;180.000000;top
C283;181.225000;-108.750000;180.000000;top
C284;181.225000;-106.500000;180.000000;top
C285;188.125000;-106.500000;0.000000;top
C286;188.025000;-108.750000;0.000000;top
C287;188.025000;-111.000000;0.000000;top
C296;110.975000;-79.750000;0.000000;top
C297;110.975000;-81.250000;0.000000;top
C298;109.750000;-83.275000;270.000000;top
C299;102.525000;-78.200000;180.000000;top
C300;102.525000;-76.690000;180.000000;top
C301;136.475000;-75.010000;0.000000;top
C302;136.465000;-76.500000;0.000000;top
C303;136.465000;-78.000000;0.000000;top
C304;136.475000;-79.500000;0.000000;top
C305;136.415000;-81.000000;0.000000;top
C306;128.475000;-78.100000;180.000000;top
C307;128.475000;-76.600000;180.000000;top
C308;135.500000;-83.275000;270.000000;top
C309;162.125000;-77.000000;0.000000;top
C310;162.125000;-78.480000;0.000000;top
C311;162.125000;-80.000000;0.000000;top
C312;162.125000;-81.500000;0.000000;top
C313;161.400000;-83.625000;270.000000;top
C314;186.800000;-83.575000;270.000000;top
C315;179.775000;-77.500000;180.000000;top
C316;179.775000;-76.100000;180.000000;top
C317;187.725000;-75.700000;0.000000;top
C318;154.635000;-78.200000;180.000000;top
C319;154.625000;-76.700000;180.000000;top
C320;162.125000;-75.600000;0.000000;top
C321;187.725000;-77.080000;0.000000;top
C322;187.725000;-78.480000;0.000000;top
C323;187.725000;-79.900000;0.000000;top
C324;187.725000;-81.380000;0.000000;top
C325;175.125000;-92.450000;270.000000;top
C326;149.500000;-92.550000;270.000000;top
D1;58.950000;-52.700000;180.000000;top
D2;93.090000;-53.877500;90.000000;top
D3;192.117500;-39.650000;180.000000;top
F1;68.200000;-47.560000;270.000000;top
FB2;195.800000;-38.787500;270.000000;top
FB3;165.100000;-38.587500;270.000000;top
FB4;193.000000;-55.287500;270.000000;top
FB5;83.087500;-58.700000;0.000000;top
FB6;62.900000;-58.650000;270.000000;top
FB7;66.300000;-58.650000;270.000000;top
FB8;69.600000;-58.650000;270.000000;top
J2;208.825000;-98.230000;270.000000;top
J10;50.600000;-46.690000;0.000000;top
L1;55.500000;-98.805000;270.000000;top
L2;81.180000;-98.805000;270.000000;top
L3;88.580000;-54.230000;90.000000;top
L4;106.900000;-99.005000;270.000000;top
L5;132.700000;-99.205000;270.000000;top
L6;184.600000;-99.205000;270.000000;top
L7;158.300000;-99.205000;270.000000;top
M1;93.769218;-34.001644;270.000000;top
M2;85.300000;-34.000000;270.000000;top
R1;108.429218;-43.121644;270.000000;top
R2;106.359218;-43.141644;90.000000;top
R3;112.269218;-51.512500;90.000000;top
R4;108.656718;-47.931644;0.000000;top
R5;108.329218;-50.711644;90.000000;top
R6;117.749218;-50.821644;90.000000;top
R7;120.911718;-49.381644;180.000000;top
R12;120.209218;-38.611644;270.000000;top
R13;122.169218;-38.611644;270.000000;top
R25;49.512500;-91.500000;0.000000;top
R26;75.312500;-91.400000;0.000000;top
R27;59.387500;-89.500000;180.000000;top
R28;85.187500;-89.600000;180.000000;top
R31;219.570000;-89.930000;90.000000;top
R32;81.700000;-51.490000;180.000000;top
R33;100.816218;-35.442642;270.000000;top
R34;77.950000;-51.490000;180.000000;top
R35;102.756218;-35.442642;270.000000;top
R36;118.109218;-38.621644;270.000000;top
R37;116.159218;-38.621644;270.000000;top
R38;114.219218;-38.621644;90.000000;top
R45;178.112500;-91.500000;0.000000;top
R46;188.612500;-89.600000;180.000000;top
R47;101.112500;-91.400000;0.000000;top
R48;111.003750;-89.500000;180.000000;top
R49;152.487500;-91.500000;0.000000;top
R50;162.412500;-89.600000;180.000000;top
R52;126.812500;-91.500000;0.000000;top
R53;136.787500;-89.600000;180.000000;top
U1;131.000000;-85.100000;270.000000;top
U2;174.000000;-152.500000;0.000000;top
U3;114.169218;-45.191644;90.000000;top
U4;53.877500;-85.125000;270.000000;top
U5;79.497500;-85.000000;270.000000;top
U6;80.890000;-55.570000;270.000000;top
U7;212.882500;-92.110000;270.000000;top
U9;194.000000;-152.500000;0.000000;top
U10;194.000000;-172.500000;180.000000;top
U11;174.000000;-172.500000;180.000000;top
U12;95.000000;-172.500000;180.000000;top
U13;75.000000;-172.500000;180.000000;top
U14;75.000000;-152.500000;0.000000;top
U15;95.000000;-152.500000;0.000000;top
U16;105.200000;-85.300000;270.000000;top
U17;85.000000;-162.500000;0.000000;top
U18;182.417500;-85.300000;270.000000;top
U19;157.200000;-85.300000;270.000000;top
U30;186.300000;-47.020000;90.000000;top
U32;103.526218;-39.022642;180.000000;top
U33;101.199218;-46.874144;90.000000;top
U35;204.700000;-92.110000;270.000000;top
U36;216.512500;-92.110000;270.000000;top
U37;184.000000;-162.500000;180.000000;top
