Ref,Val,Package,PosX,PosY,Rot,Side
"C15","1µ/25V","C_0805_2012Metric",177.010000,-159.930000,90.000000,bottom
"C17","1µ/25V","C_0805_2012Metric",166.900000,-150.540000,0.000000,bottom
"C25","100n/0.7mm","C_0805_2012Metric",162.930000,-150.150000,0.000000,bottom
"C26","1µ/25V","C_0805_2012Metric",181.000000,-156.540000,0.000000,bottom
"C27","1µ/25V","C_0805_2012Metric",166.900000,-148.540000,0.000000,bottom
"C28","1µ/25V","C_0805_2012Metric",166.900000,-146.540000,0.000000,bottom
"C29","10uF","C_0603_1608Metric",171.900000,-150.825000,-90.000000,bottom
"C30","1µ/25V","C_0805_2012Metric",168.850000,-144.500000,0.000000,bottom
"C31","100µF","C_1206_3216Metric",174.000000,-151.175000,-90.000000,bottom
"C32","100µF","C_1206_3216Metric",194.000000,-151.125000,-90.000000,bottom
"C33","1µ/25V","C_0805_2012Metric",179.150000,-144.600000,0.000000,bottom
"C34","10uF","C_0603_1608Metric",176.100000,-150.825000,-90.000000,bottom
"C35","1µ/25V","C_0805_2012Metric",181.100000,-146.530000,0.000000,bottom
"C36","1µ/25V","C_0805_2012Metric",181.100000,-148.540000,0.000000,bottom
"C37","1µ/25V","C_0805_2012Metric",181.100000,-150.540000,0.000000,bottom
"C38","1µ/25V","C_0805_2012Metric",170.960000,-159.920000,90.000000,bottom
"C39","100µF","C_1206_3216Metric",52.225000,-102.750000,180.000000,bottom
"C40","1µ/25V","C_0805_2012Metric",166.990000,-157.350000,180.000000,bottom
"C41","1µ/25V","C_0805_2012Metric",197.010000,-159.930000,90.000000,bottom
"C42","1µ/25V","C_0805_2012Metric",186.900000,-150.540000,0.000000,bottom
"C43","1µ/25V","C_0805_2012Metric",187.000000,-156.540000,180.000000,bottom
"C44","1µ/25V","C_0805_2012Metric",186.900000,-148.540000,0.000000,bottom
"C46","1µ/25V","C_0805_2012Metric",186.900000,-146.540000,0.000000,bottom
"C47","10uF","C_0603_1608Metric",196.100000,-150.825000,-90.000000,bottom
"C49","1µ/25V","C_0805_2012Metric",188.850000,-144.600000,0.000000,bottom
"C50","100µF","C_1206_3216Metric",193.900000,-173.775000,90.000000,bottom
"C51","100µF","C_1206_3216Metric",173.900000,-173.775000,90.000000,bottom
"C52","1µ/25V","C_0805_2012Metric",199.150000,-144.600000,0.000000,bottom
"C53","10uF","C_0603_1608Metric",191.800000,-150.825000,-90.000000,bottom
"C54","1µ/25V","C_0805_2012Metric",201.100000,-146.530000,0.000000,bottom
"C55","1µ/25V","C_0805_2012Metric",201.100000,-148.540000,0.000000,bottom
"C56","1µ/25V","C_0805_2012Metric",201.100000,-150.540000,0.000000,bottom
"C57","1µ/25V","C_0805_2012Metric",190.960000,-159.920000,90.000000,bottom
"C58","1µ/25V","C_0805_2012Metric",201.000000,-156.540000,0.000000,bottom
"C59","1µ/25V","C_0805_2012Metric",197.010000,-164.930000,-90.000000,bottom
"C60","1µ/25V","C_0805_2012Metric",200.990000,-174.400000,180.000000,bottom
"C61","1µ/25V","C_0805_2012Metric",187.070000,-168.370000,180.000000,bottom
"C62","1µ/25V","C_0805_2012Metric",200.990000,-176.400000,180.000000,bottom
"C63","1µ/25V","C_0805_2012Metric",200.990000,-178.400000,180.000000,bottom
"C64","10uF","C_0603_1608Metric",191.900000,-174.125000,90.000000,bottom
"C65","1µ/25V","C_0805_2012Metric",199.150000,-180.400000,180.000000,bottom
"C66","100µF","C_1206_3216Metric",95.000000,-173.975000,90.000000,bottom
"C67","100µF","C_1206_3216Metric",75.100000,-173.625000,90.000000,bottom
"C68","1µ/25V","C_0805_2012Metric",188.850000,-180.400000,180.000000,bottom
"C69","10uF","C_0603_1608Metric",196.000000,-174.175000,90.000000,bottom
"C70","1µ/25V","C_0805_2012Metric",186.990000,-178.400000,180.000000,bottom
"C71","1µ/25V","C_0805_2012Metric",186.990000,-176.400000,180.000000,bottom
"C72","1µ/25V","C_0805_2012Metric",186.990000,-174.400000,180.000000,bottom
"C73","1µ/25V","C_0805_2012Metric",190.960000,-164.920000,-90.000000,bottom
"C74","1µ/25V","C_0805_2012Metric",200.990000,-168.400000,0.000000,bottom
"C75","1µ/25V","C_0805_2012Metric",177.010000,-164.930000,-90.000000,bottom
"C76","1µ/25V","C_0805_2012Metric",180.990000,-174.400000,180.000000,bottom
"C77","1µ/25V","C_0805_2012Metric",167.070000,-168.370000,180.000000,bottom
"C78","1µ/25V","C_0805_2012Metric",180.990000,-176.400000,180.000000,bottom
"C79","1µ/25V","C_0805_2012Metric",181.060000,-178.400000,180.000000,bottom
"C80","10uF","C_0603_1608Metric",176.100000,-174.075000,90.000000,bottom
"C84","100µF","C_1206_3216Metric",58.775000,-102.750000,0.000000,bottom
"C85","1µ/25V","C_0805_2012Metric",179.150000,-180.400000,180.000000,bottom
"C87","100n/0.7mm","C_0805_2012Metric",122.100000,-84.950000,90.000000,bottom
"C88","100n/0.7mm","C_0805_2012Metric",184.000000,-162.500000,0.000000,bottom
"C93","100µF","C_1206_3216Metric",74.900000,-151.275000,-90.000000,bottom
"C94","100µF","C_1206_3216Metric",94.800000,-151.025000,-90.000000,bottom
"C98","100µF","C_1206_3216Metric",77.775000,-107.250000,180.000000,bottom
"C114","22p","C_0603_1608Metric",118.919218,-48.296644,90.000000,bottom
"C115","22p","C_0603_1608Metric",121.559218,-51.301644,180.000000,bottom
"C116","22p","C_0603_1608Metric",121.634218,-45.831644,0.000000,bottom
"C121","1µ/25V","C_0805_2012Metric",168.850000,-180.400000,180.000000,bottom
"C122","10uF","C_0603_1608Metric",171.600000,-174.075000,90.000000,bottom
"C123","1µ/25V","C_0805_2012Metric",166.990000,-178.400000,180.000000,bottom
"C124","1µ/25V","C_0805_2012Metric",166.990000,-176.400000,180.000000,bottom
"C125","1µ/25V","C_0805_2012Metric",166.990000,-174.400000,180.000000,bottom
"C126","1µ/25V","C_0805_2012Metric",170.960000,-164.920000,-90.000000,bottom
"C127","1µ/25V","C_0805_2012Metric",180.990000,-168.400000,0.000000,bottom
"C128","1µ/25V","C_0805_2012Metric",98.010000,-164.930000,-90.000000,bottom
"C129","1µ/25V","C_0805_2012Metric",101.990000,-174.400000,180.000000,bottom
"C130","1µ/25V","C_0805_2012Metric",88.070000,-168.370000,180.000000,bottom
"C131","1µ/25V","C_0805_2012Metric",101.990000,-176.400000,180.000000,bottom
"C132","1µ/25V","C_0805_2012Metric",102.050000,-178.400000,180.000000,bottom
"C133","10uF","C_0603_1608Metric",97.100000,-174.075000,90.000000,bottom
"C134","1µ/25V","C_0805_2012Metric",100.150000,-180.400000,180.000000,bottom
"C135","10uF","C_0603_1608Metric",92.700000,-174.075000,90.000000,bottom
"C136","10uF","C_0603_1608Metric",72.800000,-174.175000,90.000000,bottom
"C137","1µ/25V","C_0805_2012Metric",89.850000,-180.400000,180.000000,bottom
"C138","10uF","C_0603_1608Metric",77.000000,-174.175000,90.000000,bottom
"C139","1µ/25V","C_0805_2012Metric",87.990000,-178.400000,180.000000,bottom
"C140","1µ/25V","C_0805_2012Metric",87.990000,-176.400000,180.000000,bottom
"C141","1µ/25V","C_0805_2012Metric",87.990000,-174.400000,180.000000,bottom
"C142","1µ/25V","C_0805_2012Metric",91.960000,-164.920000,-90.000000,bottom
"C143","1µ/25V","C_0805_2012Metric",101.990000,-168.400000,0.000000,bottom
"C144","1µ/25V","C_0805_2012Metric",71.960000,-164.920000,-90.000000,bottom
"C145","1µ/25V","C_0805_2012Metric",81.990000,-174.400000,180.000000,bottom
"C146","1µ/25V","C_0805_2012Metric",81.990000,-168.400000,0.000000,bottom
"C147","1µ/25V","C_0805_2012Metric",81.990000,-176.400000,180.000000,bottom
"C148","1µ/25V","C_0805_2012Metric",81.990000,-178.400000,180.000000,bottom
"C149","10uF","C_0603_1608Metric",72.800000,-150.875000,-90.000000,bottom
"C150","1µ/25V","C_0805_2012Metric",80.050000,-180.400000,180.000000,bottom
"C151","10uF","C_0603_1608Metric",77.000000,-150.875000,-90.000000,bottom
"C152","10uF","C_0603_1608Metric",97.100000,-150.875000,-90.000000,bottom
"C153","1µ/25V","C_0805_2012Metric",69.850000,-180.400000,180.000000,bottom
"C154","10uF","C_0603_1608Metric",92.700000,-150.825000,-90.000000,bottom
"C155","1µ/25V","C_0805_2012Metric",67.990000,-178.400000,180.000000,bottom
"C156","1µ/25V","C_0805_2012Metric",67.990000,-176.400000,180.000000,bottom
"C157","1µ/25V","C_0805_2012Metric",67.990000,-174.400000,180.000000,bottom
"C158","1µ/25V","C_0805_2012Metric",78.010000,-164.930000,-90.000000,bottom
"C159","1µ/25V","C_0805_2012Metric",68.070000,-168.370000,180.000000,bottom
"C160","1µ/25V","C_0805_2012Metric",78.010000,-159.930000,90.000000,bottom
"C161","1µ/25V","C_0805_2012Metric",67.900000,-150.540000,0.000000,bottom
"C162","1µ/25V","C_0805_2012Metric",82.000000,-156.540000,0.000000,bottom
"C163","1µ/25V","C_0805_2012Metric",67.900000,-148.540000,0.000000,bottom
"C164","1µ/25V","C_0805_2012Metric",67.900000,-146.540000,0.000000,bottom
"C165","10uF","C_0603_1608Metric",82.700000,-35.575000,90.000000,bottom
"C166","1µ/25V","C_0805_2012Metric",69.850000,-144.500000,0.000000,bottom
"C169","1µ/25V","C_0805_2012Metric",80.150000,-144.500000,0.000000,bottom
"C171","1µ/25V","C_0805_2012Metric",82.100000,-146.530000,0.000000,bottom
"C172","1µ/25V","C_0805_2012Metric",82.100000,-148.530000,0.000000,bottom
"C173","1µ/25V","C_0805_2012Metric",82.100000,-150.530000,0.000000,bottom
"C174","1µ/25V","C_0805_2012Metric",71.960000,-159.920000,90.000000,bottom
"C175","1µ/25V","C_0805_2012Metric",68.000000,-156.540000,180.000000,bottom
"C186","100µF","C_1206_3216Metric",84.525000,-107.250000,0.000000,bottom
"C187","100µF","C_1206_3216Metric",52.225000,-105.000000,180.000000,bottom
"C188","100µF","C_1206_3216Metric",58.775000,-105.000000,0.000000,bottom
"C189","100µF","C_1206_3216Metric",52.275000,-107.250000,180.000000,bottom
"C193","100µF","C_1206_3216Metric",52.275000,-109.600005,180.000000,bottom
"C194","100µF","C_1206_3216Metric",58.775000,-109.500000,0.000000,bottom
"C195","1µ/25V","C_0805_2012Metric",91.960000,-159.920000,90.000000,bottom
"C196","1µ/25V","C_0805_2012Metric",87.900000,-150.540000,0.000000,bottom
"C197","1µ/25V","C_0805_2012Metric",88.000000,-156.540000,180.000000,bottom
"C203","1µ/25V","C_0805_2012Metric",87.900000,-148.540000,0.000000,bottom
"C204","1µ/25V","C_0805_2012Metric",87.900000,-146.540000,0.000000,bottom
"C206","100µF","C_1206_3216Metric",58.775000,-107.250000,0.000000,bottom
"C211","1µ/25V","C_0805_2012Metric",89.850000,-144.500000,0.000000,bottom
"C219","1µ/25V","C_0805_2012Metric",100.250000,-144.500000,0.000000,bottom
"C221","1µ/25V","C_0805_2012Metric",102.100000,-146.530000,0.000000,bottom
"C225","1µ/25V","C_0805_2012Metric",102.100000,-148.530000,0.000000,bottom
"C226","1µ/25V","C_0805_2012Metric",102.100000,-150.530000,0.000000,bottom
"C227","1µ/25V","C_0805_2012Metric",98.010000,-159.930000,90.000000,bottom
"C228","1µ/25V","C_0805_2012Metric",102.000000,-156.540000,0.000000,bottom
"C229","100n/0.7mm","C_0805_2012Metric",85.000000,-162.500000,180.000000,bottom
"C242","100µF","C_1206_3216Metric",110.275000,-103.000000,0.000000,bottom
"C243","100µF","C_1206_3216Metric",103.475000,-103.000000,180.000000,bottom
"C244","100µF","C_1206_3216Metric",103.475000,-105.250000,180.000000,bottom
"C245","100µF","C_1206_3216Metric",103.525000,-107.500000,180.000000,bottom
"C246","100µF","C_1206_3216Metric",103.475000,-109.750000,180.000000,bottom
"C247","100µF","C_1206_3216Metric",110.325000,-109.750000,0.000000,bottom
"C248","100µF","C_1206_3216Metric",110.275000,-107.500000,0.000000,bottom
"C249","100µF","C_1206_3216Metric",110.275000,-105.250000,0.000000,bottom
"C250","100µF","C_1206_3216Metric",84.475000,-105.000000,0.000000,bottom
"C251","100µF","C_1206_3216Metric",84.475000,-102.750000,0.000000,bottom
"C252","100µF","C_1206_3216Metric",84.475000,-109.500000,0.000000,bottom
"C253","100µF","C_1206_3216Metric",77.725000,-109.500000,180.000000,bottom
"C260","100µF","C_1206_3216Metric",129.275000,-103.250000,180.000000,bottom
"C261","100µF","C_1206_3216Metric",129.275000,-105.500000,180.000000,bottom
"C262","100µF","C_1206_3216Metric",129.275000,-107.750000,180.000000,bottom
"C263","100µF","C_1206_3216Metric",129.275000,-110.000000,180.000000,bottom
"C264","100µF","C_1206_3216Metric",135.975000,-110.000000,0.000000,bottom
"C265","100µF","C_1206_3216Metric",135.975000,-107.750000,0.000000,bottom
"C266","100µF","C_1206_3216Metric",136.025000,-105.500000,0.000000,bottom
"C267","100µF","C_1206_3216Metric",136.025000,-103.250000,0.000000,bottom
"C274","100µF","C_1206_3216Metric",155.025000,-103.250000,180.000000,bottom
"C275","100µF","C_1206_3216Metric",155.025000,-105.500000,180.000000,bottom
"C276","100µF","C_1206_3216Metric",155.025000,-107.750000,180.000000,bottom
"C277","100µF","C_1206_3216Metric",154.975000,-110.000000,180.000000,bottom
"C278","100µF","C_1206_3216Metric",161.775000,-110.050000,0.000000,bottom
"C279","100µF","C_1206_3216Metric",161.775000,-107.850000,0.000000,bottom
"C280","100µF","C_1206_3216Metric",161.775000,-105.500000,0.000000,bottom
"C281","100µF","C_1206_3216Metric",161.775000,-103.250000,0.000000,bottom
"C288","100µF","C_1206_3216Metric",188.025000,-110.250000,0.000000,bottom
"C289","100µF","C_1206_3216Metric",188.075000,-108.000000,0.000000,bottom
"C290","100µF","C_1206_3216Metric",188.025000,-105.750000,0.000000,bottom
"C291","100µF","C_1206_3216Metric",188.025000,-103.500000,0.000000,bottom
"C292","100µF","C_1206_3216Metric",181.275000,-103.500000,180.000000,bottom
"C293","100µF","C_1206_3216Metric",181.275000,-105.750000,180.000000,bottom
"C294","100µF","C_1206_3216Metric",181.275000,-108.000000,180.000000,bottom
"C295","100µF","C_1206_3216Metric",181.275000,-110.250000,180.000000,bottom
"C480","100µF","C_1206_3216Metric",77.725000,-102.750000,180.000000,bottom
"C481","100µF","C_1206_3216Metric",77.725000,-105.000000,180.000000,bottom
"FB1","BLM21PG221SN1D","R_0805_2012Metric",80.112500,-36.300000,180.000000,bottom
"R8","10k","R_0805_2012Metric",163.960000,-156.140000,90.000000,bottom
"R9","1k","R_0805_2012Metric",167.010000,-155.360000,180.000000,bottom
"R10","10k","R_0805_2012Metric",180.260000,-153.830000,-90.000000,bottom
"R11","1k","R_0805_2012Metric",187.000000,-154.540000,180.000000,bottom
"R14","10k","R_0805_2012Metric",200.260000,-153.830000,-90.000000,bottom
"R15","1k","R_0805_2012Metric",200.990000,-170.400000,0.000000,bottom
"R16","10k","R_0805_2012Metric",187.782200,-171.348400,90.000000,bottom
"R17","1k","R_0805_2012Metric",180.990000,-170.400000,0.000000,bottom
"R18","10k","R_0805_2012Metric",167.782200,-171.348400,90.000000,bottom
"R19","1k","R_0805_2012Metric",101.990000,-170.400000,0.000000,bottom
"R20","10k","R_0805_2012Metric",88.782200,-171.348400,90.000000,bottom
"R21","1k","R_0805_2012Metric",81.990000,-170.400000,0.000000,bottom
"R22","10k","R_0805_2012Metric",68.782200,-171.348400,90.000000,bottom
"R23","1k","R_0805_2012Metric",68.000000,-154.540000,180.000000,bottom
"R24","10k","R_0805_2012Metric",81.260000,-153.830000,-90.000000,bottom
"R29","0","R_0805_2012Metric",118.700000,-113.212500,-90.000000,bottom
"R30","0","R_0805_2012Metric",120.700000,-113.212500,-90.000000,bottom
"R39","100","R_0805_2012Metric",121.589218,-49.591644,180.000000,bottom
"R40","100","R_0805_2012Metric",121.589218,-47.551644,180.000000,bottom
"R41","1k","R_0805_2012Metric",88.000000,-154.540000,180.000000,bottom
"R42","10k","R_0805_2012Metric",101.260000,-153.830000,-90.000000,bottom
"R43","2.7k","R_0805_2012Metric",170.127500,-55.100000,-90.000000,bottom
"R44","2.7k","R_0805_2012Metric",172.657500,-55.110000,-90.000000,bottom
"U8","25MHz","Oscillator_SMD_EuroQuartz_XO32-4Pin_3.2x2.5mm",162.730000,-152.780000,-90.000000,bottom
"U38","TMP1075","TMP1075-DRL",120.020000,-85.130000,-90.000000,bottom
"","","",229.509218,-34.951644,0.000000,top
"","","",229.509218,-109.951644,0.000000,top
"","","",122.500000,-200.000000,0.000000,top
"","","",134.509218,-34.951644,0.000000,top
"","","",146.500000,-200.000000,0.000000,top
"","","",221.500000,-125.000000,0.000000,top
"","","",146.500000,-125.000000,0.000000,top
"","","",47.500000,-125.000000,0.000000,top
"","","",221.500000,-200.000000,0.000000,top
"","","",197.400000,-85.000000,0.000000,top
"","","",47.500000,-200.000000,0.000000,top
"","","",134.509218,-214.951644,0.000000,top
"","","",122.500000,-125.000000,0.000000,top
"","","",39.509218,-214.951644,0.000000,top
"","","",229.509218,-214.951644,0.000000,top
"C1","2.2n","C_0805_2012Metric",114.249218,-51.550000,-90.000000,top
"C2","1n/0.7mm","C_0805_2012Metric",110.309218,-50.721644,-90.000000,top
"C3","12p","C_0603_1608Metric",116.009218,-51.375000,-90.000000,top
"C4","1n/0.7mm","C_0805_2012Metric",120.909218,-51.361644,0.000000,top
"C5","330n","C_0805_2012Metric",120.909218,-47.401644,0.000000,top
"C6","1µ/25V","C_0805_2012Metric",120.909218,-45.391644,0.000000,top
"C7","4.7µ","C_0805_2012Metric",120.909218,-43.401644,180.000000,top
"C8","1µ/25V","C_0805_2012Metric",120.909218,-41.401644,180.000000,top
"C9","1n/0.7mm","C_0805_2012Metric",112.209218,-38.621644,90.000000,top
"C10","100n/0.7mm","C_0805_2012Metric",49.450000,-89.600000,180.000000,top
"C11","100n/0.7mm","C_0805_2012Metric",75.350000,-89.500000,180.000000,top
"C12","2.2µ","C_0805_2012Metric",49.532500,-93.470000,180.000000,top
"C13","2.2µ","C_0805_2012Metric",75.250000,-93.200000,180.000000,top
"C14","100n/0.7mm","C_0805_2012Metric",52.250000,-79.800000,0.000000,top
"C16","100n/0.7mm","C_0805_2012Metric",77.750000,-79.800000,0.000000,top
"C18","1n/0.7mm","C_0805_2012Metric",60.500000,-86.950000,90.000000,top
"C19","1n/0.7mm","C_0805_2012Metric",86.300000,-87.050000,90.000000,top
"C20","10uF","C_0603_1608Metric",59.475000,-77.000000,0.000000,top
"C21","100µF","C_1206_3216Metric",52.225000,-106.500000,180.000000,top
"C22","100µF","C_1206_3216Metric",52.175000,-108.750000,180.000000,top
"C23","10uF","C_0603_1608Metric",59.475000,-78.600000,0.000000,top
"C24","100µF","C_1206_3216Metric",52.175000,-111.000000,180.000000,top
"C45","10uF","C_0603_1608Metric",59.475000,-80.050000,0.000000,top
"C48","100µF","C_1206_3216Metric",58.775000,-106.500000,0.000000,top
"C81","10uF","C_0603_1608Metric",59.475000,-81.500000,0.000000,top
"C82","100n/0.7mm","C_0805_2012Metric",208.890000,-94.140000,90.000000,top
"C83","100n/0.7mm","C_0805_2012Metric",208.890000,-90.170000,-90.000000,top
"C86","100µF","C_1206_3216Metric",58.775000,-108.800000,0.000000,top
"C89","10uF","C_0603_1608Metric",58.400000,-83.525000,-90.000000,top
"C90","100µF","C_1206_3216Metric",58.725000,-111.050000,0.000000,top
"C91","100µF","C_1206_3216Metric",84.525000,-106.500000,0.000000,top
"C92","220µ/25V","CP_Elec_8x10",93.750000,-72.750000,-90.000000,top
"C95","100µF","C_1206_3216Metric",84.525000,-108.750000,0.000000,top
"C96","100n/0.7mm","C_0805_2012Metric",101.239218,-43.451644,0.000000,top
"C97","100µF","C_1206_3216Metric",84.525000,-111.000000,0.000000,top
"C99","100µF","C_1206_3216Metric",77.725000,-106.500000,180.000000,top
"C100","10µ/25V","C_0805_2012Metric",79.600000,-58.720000,180.000000,top
"C101","100n/0.7mm","C_0805_2012Metric",212.970000,-88.680000,180.000000,top
"C102","100n/0.7mm","C_0805_2012Metric",101.209218,-50.291644,180.000000,top
"C103","100n/0.7mm","C_0805_2012Metric",105.456218,-36.142642,0.000000,top
"C104","10n","C_0805_2012Metric",84.510000,-55.340000,-90.000000,top
"C105","1µ/25V","C_0805_2012Metric",212.970000,-95.400000,180.000000,top
"C106","22µ/16V","C_1206_3216Metric",91.350000,-48.040000,0.000000,top
"C107","100n/0.7mm","C_0805_2012Metric",216.600000,-88.680000,180.000000,top
"C108","1µ/25V","C_0805_2012Metric",216.600000,-95.400000,180.000000,top
"C109","1n/0.7mm","C_0805_2012Metric",48.850000,-81.500000,180.000000,top
"C110","1n/0.7mm","C_0805_2012Metric",74.250000,-81.300000,180.000000,top
"C111","10uF","C_0603_1608Metric",52.775000,-78.010000,180.000000,top
"C112","10uF","C_0603_1608Metric",52.775000,-76.500000,180.000000,top
"C113","10uF","C_0603_1608Metric",59.475000,-75.500000,0.000000,top
"C117","10uF","C_0603_1608Metric",84.975000,-77.000000,0.000000,top
"C118","10uF","C_0603_1608Metric",84.975000,-78.500000,0.000000,top
"C119","10µ","C_0805_2012Metric",46.592500,-92.480000,-90.000000,top
"C120","10µ","C_0805_2012Metric",72.492500,-92.380000,-90.000000,top
"C167","10µ","C_1210_3225Metric_Pad1.33x2.70mm_HandSolder",58.437500,-56.600000,180.000000,top
"C168","10µ","C_1210_3225Metric_Pad1.33x2.70mm_HandSolder",58.437500,-60.300000,180.000000,top
"C170","0.1uF","C_0603_1608Metric",59.175000,-62.700000,180.000000,top
"C176","100n/0.7mm","C_0805_2012Metric",101.150000,-89.500000,180.000000,top
"C177","2.2µ","C_0805_2012Metric",101.132500,-93.370000,180.000000,top
"C178","100n/0.7mm","C_0805_2012Metric",103.350000,-79.900000,0.000000,top
"C179","1n/0.7mm","C_0805_2012Metric",112.000000,-86.950000,90.000000,top
"C180","1n/0.7mm","C_0805_2012Metric",100.050000,-81.500000,180.000000,top
"C181","10uF","C_0603_1608Metric",84.975000,-80.000000,0.000000,top
"C182","10uF","C_0603_1608Metric",84.975000,-81.500000,0.000000,top
"C183","10µ","C_0805_2012Metric",98.192500,-92.380000,-90.000000,top
"C184","100µF","C_1206_3216Metric",77.775000,-108.750000,180.000000,top
"C185","100µF","C_1206_3216Metric",77.725000,-111.000000,180.000000,top
"C190","220µ/25V","CP_Elec_8x10",119.150000,-72.750000,-90.000000,top
"C191","10uF","C_0603_1608Metric",84.975000,-75.500000,0.000000,top
"C192","10uF","C_0603_1608Metric",76.775000,-78.000000,180.000000,top
"C198","100n/0.7mm","C_0805_2012Metric",126.850000,-89.600000,180.000000,top
"C199","2.2µ","C_0805_2012Metric",126.832500,-93.470000,180.000000,top
"C200","100n/0.7mm","C_0805_2012Metric",129.250000,-79.900000,0.000000,top
"C201","1n/0.7mm","C_0805_2012Metric",137.800000,-86.850000,90.000000,top
"C202","1n/0.7mm","C_0805_2012Metric",125.450000,-81.800000,180.000000,top
"C207","10uF","C_0603_1608Metric",76.775000,-76.500000,180.000000,top
"C208","220µ/25V","CP_Elec_8x10",144.350000,-72.500000,-90.000000,top
"C209","10uF","C_0603_1608Metric",83.750000,-83.475000,-90.000000,top
"C210","100n/0.7mm","C_0805_2012Metric",178.075000,-89.600000,180.000000,top
"C214","2.2µ","C_0805_2012Metric",178.075000,-93.400000,180.000000,top
"C215","10uF","C_0603_1608Metric",110.975000,-75.240000,0.000000,top
"C216","10uF","C_0603_1608Metric",110.975000,-76.750000,0.000000,top
"C217","10µ","C_0805_2012Metric",123.892500,-92.480000,-90.000000,top
"C218","220µ/25V","CP_Elec_8x10",67.800000,-72.750000,-90.000000,top
"C222","10uF","C_0603_1608Metric",110.975000,-78.250000,0.000000,top
"C223","100µF","C_1206_3216Metric",103.525000,-106.500000,180.000000,top
"C224","100µF","C_1206_3216Metric",103.525000,-108.750000,180.000000,top
"C230","100n/0.7mm","C_0805_2012Metric",180.750000,-79.900000,0.000000,top
"C231","1n/0.7mm","C_0805_2012Metric",189.700000,-87.150000,90.000000,top
"C232","1n/0.7mm","C_0805_2012Metric",177.550000,-81.800000,180.000000,top
"C233","100n/0.7mm","C_0805_2012Metric",152.450000,-89.600000,180.000000,top
"C234","2.2µ","C_0805_2012Metric",152.450000,-93.500000,180.000000,top
"C235","100n/0.7mm","C_0805_2012Metric",155.350000,-79.900000,0.000000,top
"C236","1n/0.7mm","C_0805_2012Metric",163.300000,-87.050000,90.000000,top
"C237","1n/0.7mm","C_0805_2012Metric",151.950000,-81.900000,180.000000,top
"C238","100µF","C_1206_3216Metric",103.525000,-111.000000,180.000000,top
"C239","100µF","C_1206_3216Metric",110.225000,-106.500000,0.000000,top
"C240","100µF","C_1206_3216Metric",110.225000,-108.750000,0.000000,top
"C241","100µF","C_1206_3216Metric",110.275000,-111.000000,0.000000,top
"C254","100µF","C_1206_3216Metric",129.275000,-106.500000,180.000000,top
"C255","100µF","C_1206_3216Metric",129.275000,-108.750000,180.000000,top
"C256","100µF","C_1206_3216Metric",129.275000,-111.000000,180.000000,top
"C257","100µF","C_1206_3216Metric",136.025000,-106.500000,0.000000,top
"C258","100µF","C_1206_3216Metric",136.025000,-108.750000,0.000000,top
"C259","100µF","C_1206_3216Metric",135.975000,-111.000000,0.000000,top
"C268","100µF","C_1206_3216Metric",154.975000,-111.000000,180.000000,top
"C269","100µF","C_1206_3216Metric",155.025000,-108.750000,180.000000,top
"C270","100µF","C_1206_3216Metric",155.025000,-106.500000,180.000000,top
"C271","100µF","C_1206_3216Metric",161.725000,-106.500000,0.000000,top
"C272","100µF","C_1206_3216Metric",161.725000,-108.750000,0.000000,top
"C273","100µF","C_1206_3216Metric",161.725000,-111.000000,0.000000,top
"C282","100µF","C_1206_3216Metric",181.225000,-111.000000,180.000000,top
"C283","100µF","C_1206_3216Metric",181.225000,-108.750000,180.000000,top
"C284","100µF","C_1206_3216Metric",181.225000,-106.500000,180.000000,top
"C285","100µF","C_1206_3216Metric",188.125000,-106.500000,0.000000,top
"C286","100µF","C_1206_3216Metric",188.025000,-108.750000,0.000000,top
"C287","100µF","C_1206_3216Metric",188.025000,-111.000000,0.000000,top
"C296","10uF","C_0603_1608Metric",110.975000,-79.750000,0.000000,top
"C297","10uF","C_0603_1608Metric",110.975000,-81.250000,0.000000,top
"C298","10uF","C_0603_1608Metric",109.750000,-83.275000,-90.000000,top
"C299","10uF","C_0603_1608Metric",102.525000,-78.200000,180.000000,top
"C300","10uF","C_0603_1608Metric",102.525000,-76.690000,180.000000,top
"C301","10uF","C_0603_1608Metric",136.475000,-75.010000,0.000000,top
"C302","10uF","C_0603_1608Metric",136.465000,-76.500000,0.000000,top
"C303","10uF","C_0603_1608Metric",136.465000,-78.000000,0.000000,top
"C304","10uF","C_0603_1608Metric",136.475000,-79.500000,0.000000,top
"C305","10uF","C_0603_1608Metric",136.415000,-81.000000,0.000000,top
"C306","10uF","C_0603_1608Metric",128.475000,-78.100000,180.000000,top
"C307","10uF","C_0603_1608Metric",128.475000,-76.600000,180.000000,top
"C308","10uF","C_0603_1608Metric",135.500000,-83.275000,-90.000000,top
"C309","10uF","C_0603_1608Metric",162.125000,-77.000000,0.000000,top
"C310","10uF","C_0603_1608Metric",162.125000,-78.480000,0.000000,top
"C311","10uF","C_0603_1608Metric",162.125000,-80.000000,0.000000,top
"C312","10uF","C_0603_1608Metric",162.125000,-81.500000,0.000000,top
"C313","10uF","C_0603_1608Metric",161.400000,-83.625000,-90.000000,top
"C314","10uF","C_0603_1608Metric",186.800000,-83.575000,-90.000000,top
"C315","10uF","C_0603_1608Metric",179.775000,-77.500000,180.000000,top
"C316","10uF","C_0603_1608Metric",179.775000,-76.100000,180.000000,top
"C317","10uF","C_0603_1608Metric",187.725000,-75.700000,0.000000,top
"C318","10uF","C_0603_1608Metric",154.635000,-78.200000,180.000000,top
"C319","10uF","C_0603_1608Metric",154.625000,-76.700000,180.000000,top
"C320","10uF","C_0603_1608Metric",162.125000,-75.600000,0.000000,top
"C321","10uF","C_0603_1608Metric",187.725000,-77.080000,0.000000,top
"C322","10uF","C_0603_1608Metric",187.725000,-78.480000,0.000000,top
"C323","10uF","C_0603_1608Metric",187.725000,-79.900000,0.000000,top
"C324","10uF","C_0603_1608Metric",187.725000,-81.380000,0.000000,top
"C325","10µ","C_0805_2012Metric",175.125000,-92.450000,-90.000000,top
"C326","10µ","C_0805_2012Metric",149.500000,-92.550000,-90.000000,top
"D1","SMBJ12A","D_SMB",58.950000,-52.700000,180.000000,top
"D2","PMEG4030EP,115","D_SOD-128",93.090000,-53.877500,90.000000,top
"D3","1N5819","D_SOD-123",192.117500,-39.650000,180.000000,top
"F1","3568","Fuseholder Blade_3568",68.200000,-47.560000,-90.000000,top
"FB2","BLM21PG221SN1D","R_0805_2012Metric",195.800000,-38.787500,-90.000000,top
"FB3","BLM21PG221SN1D","R_0805_2012Metric",165.100000,-38.587500,-90.000000,top
"FB4","BLM21PG221SN1D","R_0805_2012Metric",193.000000,-55.287500,-90.000000,top
"FB5","BLM21PG221SN1D","R_0805_2012Metric",83.087500,-58.700000,0.000000,top
"FB6","BLE32SN120SN1L","R_1210_3225Metric_Pad1.30x2.65mm_HandSolder",62.900000,-58.650000,-90.000000,top
"FB7","BLE32SN120SN1L","R_1210_3225Metric_Pad1.30x2.65mm_HandSolder",66.300000,-58.650000,-90.000000,top
"FB8","BLE32SN120SN1L","R_1210_3225Metric_Pad1.30x2.65mm_HandSolder",69.600000,-58.650000,-90.000000,top
"J2","Conn_01x06","PinHeader_1x06_P1.27mm_Vertical",208.825000,-98.230000,-90.000000,top
"J10","Connector 02x01","AMASS_XT60PW-M_1x02_P7.20mm_Horizontal",50.600000,-46.690000,0.000000,top
"L1","220nH","IFLR-4031GC-01-8x10",55.500000,-98.805000,-90.000000,top
"L2","220nH","IFLR-4031GC-01-8x10",81.180000,-98.805000,-90.000000,top
"L3","4.7µH/2.3A/2.7A","L_Taiyo-Yuden_NR-50xx",88.580000,-54.230000,90.000000,top
"L4","220nH","IFLR-4031GC-01-8x10",106.900000,-99.005000,-90.000000,top
"L5","220nH","IFLR-4031GC-01-8x10",132.700000,-99.205000,-90.000000,top
"L6","220nH","IFLR-4031GC-01-8x10",184.600000,-99.205000,-90.000000,top
"L7","220nH","IFLR-4031GC-01-8x10",158.300000,-99.205000,-90.000000,top
"M1","Fan_4pin","FanPinHeader_1x04_P2.54mm_Vertical",93.769218,-34.001644,-90.000000,top
"M2","Fan_4pin","FanPinHeader_1x04_P2.54mm_Vertical",85.300000,-34.000000,-90.000000,top
"R1","16.5k","R_0805_2012Metric",108.429218,-43.121644,-90.000000,top
"R2","24.3k","R_0805_2012Metric",106.359218,-43.141644,90.000000,top
"R3","33.2k","R_0805_2012Metric",112.269218,-51.512500,90.000000,top
"R4","100k","R_0805_2012Metric",108.656718,-47.931644,0.000000,top
"R5","121k","R_0805_2012Metric",108.329218,-50.711644,90.000000,top
"R6","8.06k","R_0805_2012Metric",117.749218,-50.821644,90.000000,top
"R7","2.55k","R_0805_2012Metric",120.911718,-49.381644,180.000000,top
"R12","2.2R/0.5W","R_0805_2012Metric",120.209218,-38.611644,-90.000000,top
"R13","2.2R/0.5W","R_0805_2012Metric",122.169218,-38.611644,-90.000000,top
"R25","1R/0.5W","R_0805_2012Metric",49.512500,-91.500000,0.000000,top
"R26","1R/0.5W","R_0805_2012Metric",75.312500,-91.400000,0.000000,top
"R27","1R/0.5W","R_0805_2012Metric",59.387500,-89.500000,180.000000,top
"R28","1R/0.5W","R_0805_2012Metric",85.187500,-89.600000,180.000000,top
"R31","10k","R_0805_2012Metric",219.570000,-89.930000,90.000000,top
"R32","84.5k","R_0805_2012Metric",81.700000,-51.490000,180.000000,top
"R33","2.7k","R_0805_2012Metric",100.816218,-35.442642,-90.000000,top
"R34","16.2k","R_0805_2012Metric",77.950000,-51.490000,180.000000,top
"R35","2.7k","R_0805_2012Metric",102.756218,-35.442642,-90.000000,top
"R36","10k","R_0805_2012Metric",118.109218,-38.621644,-90.000000,top
"R37","10k","R_0805_2012Metric",116.159218,-38.621644,-90.000000,top
"R38","10k","R_0805_2012Metric",114.219218,-38.621644,90.000000,top
"R45","1R/0.5W","R_0805_2012Metric",178.112500,-91.500000,0.000000,top
"R46","1R/0.5W","R_0805_2012Metric",188.612500,-89.600000,180.000000,top
"R47","1R/0.5W","R_0805_2012Metric",101.112500,-91.400000,0.000000,top
"R48","1R/0.5W","R_0805_2012Metric",111.003750,-89.500000,180.000000,top
"R49","1R/0.5W","R_0805_2012Metric",152.487500,-91.500000,0.000000,top
"R50","1R/0.5W","R_0805_2012Metric",162.412500,-89.600000,180.000000,top
"R52","1R/0.5W","R_0805_2012Metric",126.812500,-91.500000,0.000000,top
"R53","1R/0.5W","R_0805_2012Metric",136.787500,-89.600000,180.000000,top
"U1","CSD95472Q5MC","CSD95472-SON-5x6",131.000000,-85.100000,-90.000000,top
"U2","BM1370_mode1","BM1370",174.000000,-152.500000,0.000000,top
"U3","TPS53667","Texas_RHA0040B_VQFN-40-1EP_6x6mm_P0.5mm_EP4.15x4.15mm_ThermalVias",114.169218,-45.191644,90.000000,top
"U4","CSD95472Q5MC","CSD95472-SON-5x6",53.877500,-85.125000,-90.000000,top
"U5","CSD95472Q5MC","CSD95472-SON-5x6",79.497500,-85.000000,-90.000000,top
"U6","AP3211","SOT-23-6",80.890000,-55.570000,-90.000000,top
"U7","MCP1824T-0802E","SOT-23-5",212.882500,-92.110000,-90.000000,top
"U9","BM1370_mode1","BM1370",194.000000,-152.500000,0.000000,top
"U10","BM1370_mode1","BM1370",194.000000,-172.500000,180.000000,top
"U11","BM1370_mode1","BM1370",174.000000,-172.500000,180.000000,top
"U12","BM1370_mode1","BM1370",95.000000,-172.500000,180.000000,top
"U13","BM1370_mode1","BM1370",75.000000,-172.500000,180.000000,top
"U14","BM1370_mode1","BM1370",75.000000,-152.500000,0.000000,top
"U15","BM1370_mode1","BM1370",95.000000,-152.500000,0.000000,top
"U16","CSD95472Q5MC","CSD95472-SON-5x6",105.200000,-85.300000,-90.000000,top
"U17","TMP1075","TMP1075-DRL",85.000000,-162.500000,0.000000,top
"U18","CSD95472Q5MC","CSD95472-SON-5x6",182.417500,-85.300000,-90.000000,top
"U19","CSD95472Q5MC","CSD95472-SON-5x6",157.200000,-85.300000,-90.000000,top
"U30","T-Display-S3","T-Display-S3",186.300000,-47.020000,90.000000,top
"U32","EMC2302-1","MSOP-10_3x3mm_P0.5mm",103.526218,-39.022642,180.000000,top
"U33","TXU0102-DCU","VSSOP-8_2.3x2mm_P0.5mm",101.199218,-46.874144,90.000000,top
"U35","TXU0304PW","TSSOP-14-1EP_4.4x5mm_P0.65mm",204.700000,-92.110000,-90.000000,top
"U36","MCP1824T-1202E","SOT-23-5",216.512500,-92.110000,-90.000000,top
"U37","TMP1075","TMP1075-DRL",184.000000,-162.500000,180.000000,top
