"Reference","Value","Footprint","Qty","Distributor","OrderNr","LCSC"
"C1","2.2n","Capacitor_SMD:C_0805_2012Metric","1","D","1276-2993-1-ND","C1728"
"C2,C4,C9,C18,C19,C109,C110,C179,C180,C201,C202,C231,C232,C236,C237","1n/0.7mm","Capacitor_SMD:C_0805_2012Metric","15","D","311-1472-1-ND","C1733"
"C3","12p","Capacitor_SMD:C_0603_1608Metric","1","D","478-KGM15ACG2A120JMCT-ND","C1642"
"C5","330n","Capacitor_SMD:C_0805_2012Metric","1","D","399-C0805C334K3RECAUTOCT-ND","C161253"
"C6,C8,C15,C17,C26,C27,C28,C30,C33,C35,C36,C37,C38,C40,C41,C42,C43,C44,C46,C49,C52,C54,C55,C56,C57,C58,C59,C60,C61,C62,C63,C65,C68,C70,C71,C72,C73,C74,C75,C76,C77,C78,C79,C85,C105,C108,C121,C123,C124,C125,C126,C127,C128,C129,C130,C131,C132,C134,C137,C139,C140,C141,C142,C143,C144,C145,C146,C147,C148,C150,C153,C155,C156,C157,C158,C159,C160,C161,C162,C163,C164,C166,C169,C171,C172,C173,C174,C175,C195,C196,C197,C203,C204,C211,C219,C221,C225,C226,C227,C228","1µ/25V","Capacitor_SMD:C_0805_2012Metric","100","D","1276-1066-1-ND","C116352"
"C7","4.7µ","Capacitor_SMD:C_0805_2012Metric","1","D","1276-1244-1-ND","C1779"
"C10,C11,C14,C16,C25,C82,C83,C87,C88,C96,C101,C102,C103,C107,C176,C178,C198,C200,C210,C229,C230,C233,C235","100n/0.7mm","Capacitor_SMD:C_0805_2012Metric","23","D","311-3037-1-ND","C519981"
"C12,C13,C177,C199,C214,C234","2.2µ","Capacitor_SMD:C_0805_2012Metric","6","D","1276-6458-1-ND","C87994"
"C20,C23,C29,C34,C45,C47,C53,C64,C69,C80,C81,C89,C111,C112,C113,C117,C118,C122,C133,C135,C136,C138,C149,C151,C152,C154,C165,C181,C182,C191,C192,C207,C209,C215,C216,C222,C296,C297,C298,C299,C300,C301,C302,C303,C304,C305,C306,C307,C308,C309,C310,C311,C312,C313,C314,C315,C316,C317,C318,C319,C320,C321,C322,C323,C324","10uF","Capacitor_SMD:C_0603_1608Metric","65","","","C92487"
"C21,C22,C24,C31,C32,C39,C48,C50,C51,C66,C67,C84,C86,C90,C91,C93,C94,C95,C97,C98,C99,C184,C185,C186,C187,C188,C189,C193,C194,C206,C223,C224,C238,C239,C240,C241,C242,C243,C244,C245,C246,C247,C248,C249,C250,C251,C252,C253,C254,C255,C256,C257,C258,C259,C260,C261,C262,C263,C264,C265,C266,C267,C268,C269,C270,C271,C272,C273,C274,C275,C276,C277,C278,C279,C280,C281,C282,C283,C284,C285,C286,C287,C288,C289,C290,C291,C292,C293,C294,C295,C480,C481","100µF","Capacitor_SMD:C_1206_3216Metric","92","D","399-C1210C107M8PAC7800CT-ND","C15008"
"C92,C190,C208,C218","220µ/25V","Capacitor_SMD:CP_Elec_8x10","4","D","732-6489-1-ND","C341198"
"C100","10µ/25V","Capacitor_SMD:C_0805_2012Metric","1","D","445-5984-1-ND","C15850"
"C104","10n","Capacitor_SMD:C_0805_2012Metric","1","D","732-8021-1-ND","C83170"
"C106","22µ/16V","Capacitor_SMD:C_1206_3216Metric","1","D","1276-2728-1-ND","C159758"
"C114,C115,C116","22p","Capacitor_SMD:C_0603_1608Metric","3","D","478-KGM15ACG1H220JTCT-ND","C1653"
"C119,C120,C183,C217,C325,C326","10µ","Capacitor_SMD:C_0805_2012Metric","6","D","445-5984-1-ND","C15850"
"C167,C168","10µ","Capacitor_SMD:C_1210_3225Metric_Pad1.33x2.70mm_HandSolder","2","D","445-5984-1-ND","C89632"
"C170","0.1uF","Capacitor_SMD:C_0603_1608Metric","1","","","C92487"
"D1","SMBJ12A","Diode_SMD:D_SMB","1","D","SMBJ12ALFCT-ND","C113985"
"D2","PMEG4030EP,115","Diode_SMD:D_SOD-128","1","D","1727-5841-1-ND","C96234"
"D3","1N5819","Diode_SMD:D_SOD-123","1","D","31-1N5819HWQ-7-FCT-ND","C460770"
"F1","3568","8Axe:Fuseholder Blade_3568","1","D","36-3568-ND","C5249699"
"FB1,FB2,FB3,FB4,FB5","BLM21PG221SN1D","Resistor_SMD:R_0805_2012Metric","5","","","C85840"
"FB6,FB7,FB8","BLE32SN120SN1L","Resistor_SMD:R_1210_3225Metric_Pad1.30x2.65mm_HandSolder","3","","","C5597997"
"J5,J6","Conn_01x12-Socket","","2","D","732-61301211821-ND",""
"J7,J8","Conn_01x12-Header","","2","D","2057-PH1-12-UA-ND",""
"J10","Connector 02x01","Connector_AMASS:AMASS_XT60PW-M_1x02_P7.20mm_Horizontal","1","","","C98732"
"L1,L2,L4,L5,L6,L7","220nH","Nerd8:IFLR-4031GC-01-8x10","6","D","283-FP1008R5-R220-RCT-ND","C2639748"
"L3","4.7µH/2.3A/2.7A","Inductor_SMD:L_Taiyo-Yuden_NR-50xx","1","D","732-7244-1-ND","C1331036"
"M1,M2","Fan_4pin","Connector:FanPinHeader_1x04_P2.54mm_Vertical","2","D","WM4330-ND","C240840"
"R1","16.5k","Resistor_SMD:R_0805_2012Metric","1","D","541-16.5KCCT-ND","C35929"
"R2","24.3k","Resistor_SMD:R_0805_2012Metric","1","D","311-24.3KCRCT-ND","C101593"
"R3","33.2k","Resistor_SMD:R_0805_2012Metric","1","D","RMCF0805FT33K2CT-ND",""
"R4","100k","Resistor_SMD:R_0805_2012Metric","1","D","RMCF0805FT100KCT-ND","C96346"
"R5","121k","Resistor_SMD:R_0805_2012Metric","1","D","RMCF0805FT121KCT-ND","C17438"
"R6","8.06k","Resistor_SMD:R_0805_2012Metric","1","D","RMCF0805FT8K06CT-ND","C2933501"
"R7","2.55k","Resistor_SMD:R_0805_2012Metric","1","D","311-2.55KCRCT-ND","C2933383"
"R8,R10,R14,R16,R18,R20,R22,R24,R31,R36,R37,R38,R42","10k","Resistor_SMD:R_0805_2012Metric","13","D","RMCF0805FT10K0CT-ND","C140868"
"R9,R11,R15,R17,R19,R21,R23,R41","1k","Resistor_SMD:R_0805_2012Metric","8","D","RNCP0805FTD1K00CT-ND","C17513"
"R12,R13","2.2R/0.5W","Resistor_SMD:R_0805_2012Metric","2","D","541-10524-1-ND","C2078808"
"R25,R26,R27,R28,R45,R46,R47,R48,R49,R50,R52,R53","1R/0.5W","Resistor_SMD:R_0805_2012Metric","12","D","541-1.00TCT-ND","C313850"
"R29,R30","0","Resistor_SMD:R_0805_2012Metric","2","D","RMCF0805ZT0R00CT-ND","C17477"
"R32","84.5k","Resistor_SMD:R_0805_2012Metric","1","D","311-84.5KCRCT-ND","C17842"
"R33,R35,R43,R44","2.7k","Resistor_SMD:R_0805_2012Metric","4","D","RMCF0805FT2K70CT-ND","C17530"
"R34","16.2k","Resistor_SMD:R_0805_2012Metric","1","D","RMCF0805FT16K2CT-ND","C17481"
"R39,R40","100","Resistor_SMD:R_0805_2012Metric","2","D","311-100CRCT-ND","C17408"
"U1,U4,U5,U16,U18,U19","CSD95472Q5MC","Nerd8:CSD95472-SON-5x6","6","D","296-43950-1-ND","C553137"
"U2,U9,U10,U11,U12,U13,U14,U15","BM1370_mode1","Nerd8:BM1370","8","","",""
"U3","TPS53667","Package_DFN_QFN:Texas_RHA0040B_VQFN-40-1EP_6x6mm_P0.5mm_EP4.15x4.15mm_ThermalVias","1","D","296-51986-1-ND","C702270"
"U6","AP3211","Package_TO_SOT_SMD:SOT-23-6","1","D","AP3211KTR-G1DICT-ND","C154863"
"U7","MCP1824T-0802E","Package_TO_SOT_SMD:SOT-23-5","1","D","MCP1824T-0802E/OTCT-ND","C625460"
"U8","25MHz","Oscillator:Oscillator_SMD_EuroQuartz_XO32-4Pin_3.2x2.5mm","1","D","1923-1664-1-ND","C5137262"
"U17,U37","TMP1075","myfootprints:TMP1075-DRL","2","D","296-TMP1075NDRLRCT-ND","C3663690"
"U30","T-Display-S3","myfootprints:T-Display-S3","1","X","",""
"U32","EMC2302-1","Package_SO:MSOP-10_3x3mm_P0.5mm","1","D","EMC2302-1-AIZL-CT-ND","C626969"
"U33","TXU0102-DCU","Package_SO:VSSOP-8_2.3x2mm_P0.5mm","1","D","296-TXU0102DCURCT-ND","C5217871"
"U35","TXU0304PW","Package_SO:TSSOP-14-1EP_4.4x5mm_P0.65mm","1","D","296-TXU0304PWRCT-ND","C4364118"
"U36","MCP1824T-1202E","Package_TO_SOT_SMD:SOT-23-5","1","D","MCP1824T-1202E/OTCT-ND","C2971391"
"U38","TMP1075","Nerd8:TMP1075-DRL","1","D","296-TMP1075NDRLRCT-ND","C3663690"
